{
  "project_info": {
    "project_number": "35502159112",
    "project_id": "log-in-application-7714c",
    "storage_bucket": "log-in-application-7714c.appspot.com"
  },
  "client": [
    {
      "client_info": {
        "mobilesdk_app_id": "1:35502159112:android:34494023b6070b3be268bd",
        "android_client_info": {
          "package_name": "com.example.loginapplication"
        }
      },
      "oauth_client": [
        {
          "client_id": "35502159112-h9l4i4rffqco00qiied9f7g3i8g8tigf.apps.googleusercontent.com",
          "client_type": 3
        }
      ],
      "api_key": [
        {
          "current_key": "AIzaSyD4reMGIK5XT6-nnOUpSfFol-ONthLucFE"
        }
      ],
      "services": {
        "appinvite_service": {
          "other_platform_oauth_client": [
            {
              "client_id": "35502159112-h9l4i4rffqco00qiied9f7g3i8g8tigf.apps.googleusercontent.com",
              "client_type": 3
            }
          ]
        }
      }
    }
  ],
  "configuration_version": "1"
}